,기관명,주소
0,강릉종합사회복지관,"강원도 강릉시 강변로 510, 관리사무소건물 2층"
1,명륜종합사회복지관,강원도 원주시 예술관길 25
2,밥상공동체종합사회복지관,강원도 원주시 일산로 81-2
3,삼척시종합사회복지관,강원도 삼척시 원당로 2길 72-6
4,속초종합사회복지관,강원도 속초시 먹거리길19
5,영월군종합사회복지관,강원도 영월군 영월읍 단종로 12
6,원주가톨릭종합사회복지관,강원도 원주시 봉산로 103
7,원주종합사회복지관,강원도 원주시 육판길 1
8,월드비전동해종합사회복지관,강원도 동해시 전천로 273-10
9,월드비전춘천종합사회복지관,강원도 춘천시 근화길 95
10,인제군사회복지관,강원도 인제군 비봉로44번길 100
11,정선군종합사회복지관,강원도 정선군 정선읍 봉양7길 16
12,춘천종합사회복지관,강원도 춘천시 후석로228번길 47
13,춘천효자종합사회복지관,강원도 춘천시 공지로 234-16
14,홍천군종합사회복지관,강원도 홍천군 홍천읍 너브내길123
15,횡성군종합사회복지관,"강원도 횡성군 횡성읍 횡성로 379, 횡성군종합보건복지타운 3층"
16,(경기)상동종합사회복지관,경기도 부천시 석천로 16번길 50
17,갈매사회복지관,경기도 구리시 갈매순환로 143 LH1단지 101동 1층
18,거모종합사회복지관,경기도 시흥시 군자로 466번길37 (거모동 1738-9)
19,고강종합사회복지관,경기도 부천시 고리울로 79 고강종합사회복지관
20,고산종합사회복지관,경기도 의정부시 정음로15 고산종합사회복지관
21,고양시덕양행신종합사회복지관,경기도 고양시 덕양구 서정마을2로 13
22,고양시문촌7종합사회복지관,경기도 고양시 일산서구 킨텍스로 340
23,고양시문촌9종합사회복지관,경기도 고양시 일산서구 주엽로 156
24,고양시원당종합사회복지관,경기도 고양시 덕양구 호국로716번길 13-11(성사동)
25,고양시원흥종합사회복지관,경기도 고양시 덕양구 삼원로 102
26,고양시일산종합사회복지관,경기도 고양시 일산서구 고양대로 654
27,고양시지축종합사회복지관,경기도 고양시 지축로163 LH8단지 802동 1층
28,고양시향동종합사회복지관,경기도 고양시 덕양후 향기5로 55
29,고양시흰돌종합사회복지관,경기도 고양시 일산동구 장백로 61
30,과천종합사회복지관,"경기도 과천시 별양상가 1로 10, 과천타워 3층"
31,광교종합사회복지관,경기도 수원시 영통구 대학2로 41
32,구리시종합사회복지관,경기도 구리시 벌말로129번길 50
33,군포시가야종합사회복지관,"경기도 군포시 번영로 331-1, 2층"
34,군포시매화종합사회복지관,경기도 군포시 곡란로22
35,군포시주몽종합사회복지관,"경기도 군포시 광정로 122(산본동, 주몽10단지 내)"
36,김포시제2종합사회복지관,경기도 김포시 통진읍 마송리 502
37,김포시종합사회복지관,경기도 김포시 사우중로 100
38,남양주시남부희망케어센터,경기도 남양주시 와부 월문천로35 별관 1층
39,남양주시동부희망케어센터,경기도 남양주시 화도읍 경춘로달뫼1길 20-8
40,남양주시북부희망케어센터,경기도 남양주시 진접읍 금강로1509-26 진접오남행정복지센터 복지동 1층
41,남양주시서부희망케어센터,경기도 남양주시 다산중앙로123번길 47 다산메트로 3단지 3301동
42,녹양종합사회복지관,경기도 의정부시 체육로 254
43,능실종합사회복지관,경기도 수원시 권선구 호매실로 166번길 10
44,대산종합사회복지관,"경기도 부천시 심곡로9번길 54, 5층"
45,도촌종합사회복지관,경기도 성남시 중원구 도촌북로 92
46,만안종합사회복지관,경기도 안양시 만안구 박달로 547-1
47,범안종합사회복지관,경기도 부천시 범안로129번길 17 2층
48,본오종합사회복지관,경기도 안산시 상록구 이호로 39
49,부곡종합사회복지관,경기도 안산시 상록구 성호로 303
50,부락종합사회복지관,경기도 평택시 서정로303
51,산성종합사회복지관,경기도 성남시 수정구 수정남로 306번길 15-16
52,분당종합사회복지관,경기도 성남시 분당구 정자일로 33
53,삼정종합사회복지관,경기도 부천시 삼작로 52
54,성남위례종합사회복지관,경기도 성남시 수정구 위례광장로 311
55,소사본종합사회복지관,경기도 부천시 호현로 489번길 50
56,시립광명종합사회복지관,경기도 광명시 오리로 1018
57,시흥시대야종합사회복지관,경기도 시흥시 호현로 55
58,시흥시목감종합사회복지관,경기도 시흥시 목감초등길 45
59,시흥시장곡종합사회복지관,경기도 시흥시 동서장곡길 55
60,시흥시정왕종합사회복지관,경기도 시흥시 정왕대로 233번길 27(정왕동 1800-8)
61,신중동종합사회복지관,경기도 부천시 도약로 146 1단지관리사무소 건물 2층 복지관
62,심곡동종합사회복지관,"경기도 부천시 장말로 351번길 9, 3층 심곡동종합사회복지관"
63,안산시선부종합사회복지관,경기도 안산시 단원구 화정로9
64,안산시와동종합사회복지관,경기도 안산시 단원구 와동로 118
65,안산시초지종합사회복지관,경기도 안산시 단원구 원초로76
66,안성종합사회복지관,경기도 안성시 산수유길 15
67,안양시부흥종합사회복지관,경기도 안양시 동안구 달안로39
68,안양시비산종합사회복지관,경기도 안양시 동안구 임곡로 74
69,안양시율목종합사회복지관,경기도 안양시 만안구 병목안로 130번길 166
70,양주시옥정종합사회복지관,경기도 양주시 옥정동로258(천년나무8단지 입구)
71,양평군종합사회복지관,경기도 양평군 용문면 용문역길67
72,연무사회복지관,경기도 수원특례시 장안구 창룡대로 151번길 8
73,영통종합사회복지관,경기도 수원시 영통구 반달로 45
74,오산남부종합사회복지관,경기도 오산시 오산로 132번길 28-5
75,오산세교종합사회복지관,"경기도 오산시 수청로192, 4층"
76,오산종합사회복지관,경기도 오산시 현충로 104
77,오정종합사회복지관,경기도 부천시 성오로 149번길 18
78,용인종합사회복지관,경기도 용인시 처인구 이동읍 이원로 69-8
79,우만종합사회복지관,경기도 수원시 팔달구 창룡대로210번길 13
80,월드비전 성남종합사회복지관,경기도 성남시 중원구 금빛로89
81,은행종합사회복지관,경기도 성남시 중원구 산성대로 518번길 30
82,작은자리종합사회복지관,경기도 시흥시 시흥대로 1087
83,장암종합사회복지관,경기도 의정부시 회룡로192번길 11(장암동)
84,중탑종합사회복지관,경기도 성남시 판교로 607
85,철산종합사회복지관,경기도 광명시 연서일로 4-3
86,청솔종합사회복지관,경기도 성남시 분당구 미금로 246
87,춘의종합사회복지관,경기도 부천시 원미로 202
88,파주시문산종합사회복지관,경기도 파주시 문산읍 통일로 1680 문산행복센터 內
89,파주시운정종합사회복지관,경기도 파주시 운정중앙로200 물향기마을 1단지 내
90,판교종합사회복지관,경기도 성남시 분당구 운중로 254
91,포천시종합사회복지관,경기도 포천시 군내면 청성로 5 포천종합사회복지관
92,하남시감일종합사회복지관,경기도 하남시 감일순환로 95-3
93,하남시미사강변종합사회복지관,"경기도 하남시 아리수로565, 1301동 1층"
94,하남시종합사회복지관,경기도 하남시 덕풍천서로 9
95,하안종합사회복지관,"경기도 광명시 하안로238(하안3동, 200번지, 신관3층)"
96,한솔종합사회복지관,경기도 성남시 분당구 내정로 94
97,함현상생종합사회복지관,경기도 시흥시 함송로29번길 67
98,합정종합사회복지관,"경기도 평택시 평택로 22, 관리동"
99,화성시나래울종합사회복지관,경기도 화성시 여울로2길 33
100,화성시남부종합사회복지관,경기도 화성시 향남읍 행정서로 3길 50
101,화성시동탄어울림종합사회복지관,경기도 화성시 동탄대로시범길 133
102,화성시동탄치동천종합사회복지관,경기도 화성시 동탄순환대로 24길 101
103,화성시서부종합사회복지관,경기도 화성시 송산면 사강로145
104,(경남)서부종합사회복지관,경남 사천시 곤양면 서정리 998-1
105,거제시종합사회복지관,경남 거제시 양정1길 45
106,거창군종합사회복지관,경남 거창군 거창읍 아림로 66
107,경남종합사회복지관,경남 창원시 마산회원구 팔용로 272
108,고성군종합사회복지관,경남 고성군 고성읍 동외로 156번길 36
109,김해시구산사회복지관,경남 김해시 가락로222(구산동)
110,김해시종합사회복지관,경남 김해시 분성로 227
111,남해군종합사회복지관,경남 남해군 남해읍 망운로 32
112,내서종합사회복지관,경남 창원특례시 마산회원구 내서읍 상곡로 49
113,도남사회복지관,경남 통영시 발개로 153 도남사회복지관
114,동부사회복지관,경남 의령군 부림면 신번로 181
115,마산종합사회복지관,경남 창원시 마산합포구 월영북로 46
116,밀양시종합사회복지관,경남 밀양시 중앙로 218(삼문동)
117,사천시종합사회복지관,경남 사천시 벌리6길 102
118,삼천포종합사회복지관,경남 사천시 임내길 36
119,상하북종합사회복지관,경남 양산시 상북면 삼계동길 27
120,양산시종합사회복지관,경남 양산시 물금읍 오봉10길 8
121,옥포종합사회복지관,경남 거제시 옥포대첩로 84
122,웅상종합사회복지관,경남 양산시 덕계7길 26
123,의령군종합사회복지관,경남 의령군 의령읍 의병로8길 44
124,진주시가좌사회복지관,경남 진주시 가호로 26
125,진주시종합사회복지관,경남 진주시 진양호로 476
126,진주시평거종합사회복지관,경남 진주시 진양호로125번길 4-1
127,진해자은종합사회복지관,경남 창원시 진해구 진해대로901번길 7(자은동)
128,창원시진해종합사회복지관,경남 창원시 진해구 진해대로 1101
129,창원종합사회복지관,경남 창원시 의창구 태복산로31번길 16
130,통영시종합사회복지관,경남 통영시 안개4길 94
131,하동군종합사회복지관,경남 하동군 하동읍 오룡정길 25-3
132,함안군종합사회복지관,경남 함안군 칠원면 삼칠로 155
133,함양군종합사회복지관,경남 함양군 함양읍 필봉산길 55
134,합천군종합사회복지관,경남 합천군 합천읍 동서로 39
135,(경북)학산종합사회복지관,경북 포항시 북구 장미길31
136,경산시백천종합사회복지관,경북 경산시 경청로222길 9-1
137,경주시종합사회복지관,경북 경주시 승삼1길 32
138,구미종합사회복지관,경북 구미시 검성로 103-2
139,금오종합사회복지관,경북 구미시 문장로 110
140,김천부곡사회복지관,경북 김천시 문지왈길 70
141,문경시종합사회복지관,경북 문경시 매봉4길 25
142,상주시종합사회복지관,경북 상주시 냉림1길 43-18
143,성주군종합사회복지관,경북 성주군 성주읍 성주순환로 271-9
144,안동시종합사회복지관,경북 안동시 은행나무로 106-5
145,영주시종합사회복지관,경북 영주시 대학로 130-1
146,영천시종합사회복지관,경북 영천시 충효로 147 4단지
147,창포종합사회복지관,경북 포항시 북구 새천년대로 1075번길 10
148,포항종합사회복지관,경북 포항시 남구 상공로46번길 13
149,흥덕종합사회복지관,경북 문경시 호서로 154
150,각화종합사회복지관,광주광역시 북구 군왕로207번길6
151,금호종합사회복지관,광주광역시 서구 운천로 32번길 23
152,꿈나무사회복지관,광주광역시 북구 중문로 지하 58
153,농성빛여울채종합사회복지관,광주광역시 서구 월산로 164-3
154,동신대학교종합사회복지관,광주광역시 남구 월산로123번길 10
155,두암종합사회복지관,광주광역시 북구 삼정로 7(두암동0
156,무등종합사회복지관,광주광역시 북구 삼정로 10
157,무진종합사회복지관,광주광역시 서구 천변좌하로 594
158,빛고을종합사회복지관,광주광역시 동구 천변좌로 656
159,송광종합사회복지관,광주광역시 광산구 우산로 17
160,시민종합사회복지관,광주광역시 북구 양일로 76-1(양산동)
161,시영종합사회복지관,광주광역시 서구 화정로 87
162,쌍촌종합사회복지관,광주광역시 서구 쌍학로47
163,양지종합사회복지관,광주광역시 남구 제중로 24-10
164,오치종합사회복지관,광주광역시 북구 서하로194번길 6
165,우산종합사회복지관,광주광역시 북구 중문로 55
166,인애종합사회복지관,광주광역시 남구 용대로91(봉선동)
167,첨단종합사회복지관,광주광역시 광산구 첨단 중앙로 160 (쌍암동 656-2)
168,하남종합사회복지관,광주광역시 광산구 월곡산정로 12
169,행복드림종합사회복지관,광주광역시 광산구 용아로 379번길 25-2
170,(대구)남구종합사회복지관,대구광역시 남구 중앙대로38길 17
171,(대구)서구종합사회복지관,대구광역시 서구 달구벌대로 365길 3
172,(대구)학산종합사회복지관,대구광역시 달서구 월성로77 월성주공2단지 아파트 내 학산종합사회복지관
173,가정종합사회복지관,대구광역시 북구 대동로 10길 9
174,남산기독교종합사회복지관,대구광역시 중구 관덕정길 16
175,남산종합사회복지관,대구광역시 중구 남산로7길 80
176,달서구본동종합사회복지관,"대구광역시 달서구 송현로 113, 본동주공아파트 내"
177,달서구성서종합사회복지관,대구광역시 달서구 신당로 56
178,달서구신당종합사회복지관,대구광역시 달서구 신당로 55
179,달성군종합사회복지관,대구광역시 달성군 논공읍 논공로 697-9
180,대구종합사회복지관,대구광역시 동구 율하동로26길 67
181,대명사회복지관,대구광역시 남구 양지로 8 (대명동)
182,동촌종합사회복지관,대구광역시 동구 입석로 5
183,범물종합사회복지관,대구광역시 수성구 범안로 79
184,본리종합사회복지관,대구광역시 달서구 당산로 37-14
185,산격종합사회복지관,"대구광역시 북구 연암로 183, 2층 산격종합사회복지관"
186,상인종합사회복지관,대구광역시 달서구 상화로 371
187,서구제일종합사회복지관,대구광역시 서구 옥산로6길 9(원대동)
188,선린종합사회복지관,대구광역시 북구 관음동로9길 10-25
189,안심제1종합사회복지관,대구광역시 동구 안심로22길 3
190,안심종합사회복지관,대구광역시 동구 율하동로 76
191,월성종합사회복지관,대구광역시 달서구 학산로7길 39
192,제일기독종합사회복지관,대구광역시 동구 송라로2길 17-6
193,지산종합사회복지관,대구광역시 수성구 용학로 325
194,청곡종합사회복지관,대구광역시 수성구 노변공원로 49-1
195,함장종합사회복지관,대구광역시 수성구 들안로19길 48
196,홀트대구종합사회복지관,대구광역시 수성구 달구벌대로 488길 13
197,황금종합사회복지관,대구시 수성구 청수로45길 41
198,관저종합사회복지관,대전광역시 서구 구봉로13
199,대덕종합사회복지관,대전광역시 대덕구 덕암로 234번길 44
200,대동종합사회복지관,대전광역시 동구 백룡로 48번길 79(대동)
201,대전기독교종합사회복지관,대전광역시 중구 보문산로 333번길 29
202,대전종합사회복지관,대전광역시 대덕구 우암동로 15번길 20(비래동)
203,둔산종합사회복지관,대전광역시 서구 둔산로 241
204,법동종합사회복지관,대전광역시 대덕구 계족로664번길 27
205,보문종합사회복지관,대전광역시 중구 부용로 41번길 55
206,산내종합사회복지관,대전광역시 동구 산내로 1352-25
207,생명종합사회복지관,대전광역시 동구 동부로 56-7
208,성락종합사회복지관,대전광역시 중구 선화로43번길 13
209,송강사회복지관,대전광역시 유성구 봉산로45
210,용문종합사회복지관,대전광역시 서구 계룡로 626-1
211,용운종합사회복지관,대전광역시 동구 용운로 110
212,월평종합사회복지관,"대전광역시 서구 월평북로11, 주공3단지 월평종합사회복지관"
213,유성구종합사회복지관,대전광역시 유성구 도안대로 589번길 27
214,정림종합사회복지관,대전광역시 서구 계백로 1286번길 86
215,중리종합사회복지관,대전광역시 대덕구 계족로663번길 34
216,중촌사회복지관,대전광역시 중구 대전천서로 695
217,판암사회복지관,대전광역시 동구 옥천로 152-9
218,한밭종합사회복지관,대전광역시 서구 월평북로11
219,(부산)남구종합사회복지관,부산광역시 남구 동제당로 258
220,(부산)서구종합사회복지관,부산광역시 서구 망양로193번길 104
221,(부산)중구종합사회복지관,부산광역시 중구 망양로 309
222,감만종합사회복지관,부산광역시 남구 우암로84-1
223,강서구종합사회복지관,부산광역시 강서구 대저로 63번길31(대저동)
224,개금종합사회복지관,부산광역시 부산진구 백양관문로77번길 140
225,공창종합사회복지관,부산광역시 북구 효열로 268
226,구평종합사회복지관,부산광역시 사하구 을숙도대로
227,금곡종합사회복지관,부산광역시 북구 효열로 144
228,금정구종합사회복지관,부산광역시 금정구 반송로 490번길 47(금사회동동)
229,기장종합사회복지관,부산광역시 기장군 기장읍 차성로 206
230,낙동종합사회복지관,부산광역시 강서구 순아강변길 5
231,남광종합사회복지관,부산광역시 금정구 중앙대로 2349번길 3
232,남산정종합사회복지관,부산광역시 북구 만덕대로 155번길 86-9
233,다대종합사회복지관,부산광역시 사하구 다대로 440
234,다행복한종합사회복지관,부산광역시 기장군 기장읍 차성로 417번길 11
235,당감종합사회복지관,부산광역시 부산진구 당감서로16
236,덕천종합사회복지관,부산광역시 북구 덕천로 74
237,동구종합사회복지관,부산광역시 동구 안창로 57
238,동래종합사회복지관,부산광역시 동래구 시실로107번길 151
239,동삼종합사회복지관,부산광역시 영도구 상리로 30
240,동원종합사회복지관,부산광역시 북구 금곡대로 616번길 10-9
241,두송종합사회복지관,부산광역시 사하구 다송로59
242,만덕종합사회복지관,부산광역시 북구 함박봉로 140번길 102
243,모라종합사회복지관,부산광역시 사상구 모라로110번길 129
244,몰운대종합사회복지관,부산광역시 사하구 다대낙조2길 17 몰운대종합사회복지관
245,반석종합사회복지관,부산광역시 해운대구 신반송로 159
246,반송종합사회복지관,부산광역시 해운대구 아랫반송로1번길15
247,반여종합사회복지관,부산광역시 해운대구 재반로226번길 13-73
248,백양종합사회복지관,부산광역시 사상구 모라로192번길 20-33
249,부산광역시사직종합사회복지관,부산광역시 동래구 사직북로63번길 20-7
250,부산기독교종합사회복지관,부산광역시 서구 까치고개로 229번길 40
251,부산종합사회복지관(로사),부산광역시 수영구 금련로 43번길 54
252,부산종합사회복지관(어린이재단),부산광역시 동구 수정공원로 15
253,부산진구종합사회복지관,부산광역시 부산진구 복지로 117-12
254,사상구종합사회복지관,부산광역시 사상구 백양대로 527(주례동)
255,사하구종합사회복지관,부산광역시 사하구 감내2로 21
256,상리종합사회복지관,부산광역시 영도구 상리로63-16(동삼동)
257,연제구거제종합사회복지관,부산광역시 연제구 아시아드대로46번길 45
258,연제구연산종합사회복지관,부산광역시 연제구 봉수로 17
259,영도구종합사회복지관,부산광역시 영도구 산정길 138
260,영진종합사회복지관,부산광역시 해운대구 반여로 165
261,와치종합사회복지관,부산광역시 영도구 함지로 79번길 76
262,용호종합사회복지관,부산광역시 남구 이기대공원로 7(용호동)
263,운봉종합사회복지관,부산광역시 해운대구 신반송로 200
264,장선종합사회복지관,부산광역시 북구 시랑로 114번길 45(구포동)
265,전포종합사회복지관,부산광역시 부산진구 전포대로 190번길 35
266,절영종합사회복지관,부산광역시 영도구 함지로 33-10 (동삼동)
267,파랑새종합사회복지관,부산광역시 해운대구 신반송로 21
268,학장종합사회복지관,부산광역시 사상구 학감댈로49번길 28-70
269,해운대종합사회복지관,부산광역시 해운대구 재반로 12번길16
270,홀트수영종합사회복지관,부산광역시 수영구 장대골로 20-5
271,화명종합사회복지관,부산광역시 북구 금곡대로 199번길 21
272,화정종합사회복지관,부산광역시 북구 효열로 76
273,(서울)북부종합사회복지관,서울시 노원구 동일로245길56 (상계동)
274,(서울)성산종합사회복지관,서울시 마포구 월드컵로 215
275,가락종합사회복지관,서울시 송파구 양재대로 897(가락1동)
276,가양4종합사회복지관,서울시 강서구 양천로57길 37
277,가양5종합사회복지관,"서울시 강서구 양천로 57길 36, 가양5종합사회복지관"
278,가양7종합사회복지관,"서울시 강서구 허준로 209, 가양7종합사회복지관 2층 사무실"
279,갈월종합사회복지관,서울시 용산구 두텁바위로 25
280,강감찬관악종합사회복지관,"서울시 관악구 양녕로 74, 2층 101호"
281,강남종합사회복지관,서울시 강남구 개포로 109길5
282,강동종합사회복지관,"서울시 강동구 양재대로1458, 3층(길동 411-4)"
283,공릉종합사회복지관,서울시 노원구 동일로 1127
284,광장종합사회복지관,광진구 아차산로 66길8
285,구로종합사회복지관,서울시 구로구 디지털로31길 93
286,구세군강북종합사회복지관,서울시 강북구 인수봉로20가길 24
287,궁동종합사회복지관,서울시 구로구 오리로 22길 5
288,금천누리종합사회복지관,서울시 가산로 129 (3층)
289,길음종합사회복지관,서울 성북구 삼양로2길 55
290,까리따스방배종합사회복지관,서울시 서초구 남부순환로 2124
291,꿈의숲종합사회복지관,"서울시 강북구 오현로 208, 주공아파트 302동 1층 번동3단지종합사회복지"
292,노원1종합사회복지관,서울시 노원구 월계로 372 사슴아파트1단지내
293,녹번종합사회복지관,서울시 은평구 은평로21길 14-26
294,능인종합사회복지관,서울시 강남구 양재대로 340
295,대방종합사회복지관,서울시 동작구 여의대방로44길 47
296,대청종합사회복지관,"서울시 양재대로 55길, 10"
297,도봉서원종합사회복지관,서울시 도봉구 마들로 668
298,동대문종합사회복지관,서울시 동대문구 약령시로 5길 22
299,동작이수사회복지관,서울시 동작구 동작대로35차길 7
300,동작종합사회복지관,서울시 동작구 등용로 47
301,등촌1종합사회복지관,서울 강서구 강서로 68길 36
302,등촌4종합사회복지관,"서울시 강서구 공항대로39길 59, 등촌4종합사회복지관"
303,등촌7종합사회복지관,서울시 강서구 공항대로 43길 104(등촌동)
304,등촌9종합사회복지관,서울시 강서구 화곡로 63가길 92
305,마들종합사회복지관,서울시 노원구 동일로210길 22
306,마천종합사회복지관,서울시 송파구 마천로65길 4
307,면목종합사회복지관,서울시 중랑구 용마산로 228
308,목동종합사회복지관,서울시 양천구 목동중앙북로8길 104
309,반포종합사회복지관,서울시 서초구 신반포로 33길 22 반포종합사회복지관
310,방아골종합사회복지관,서울시 도봉구 시루봉로17길 42
311,방화11종합사회복지관,서울시 강서구 개화동로 21길 4
312,방화2종합사회복지관,서울시 강서구 방화대로 48길 40
313,방화6종합사회복지관,"서울시 강서구 금낭화로 23길 25, 방화6종합사회복지관"
314,번오마을종합사회복지관,서울시 강북구 한천로115길 20
315,북서울종합사회복지관,"서울시 강북구 한천로 105길 24, 202동"
316,사당종합사회복지관,서울시 동작구 사당로14길 20
317,사랑의전화마포종합사회복지관,서울시 마포구 만리재로29
318,삼전종합사회복지관,서울시 송파구 백제고분로32길 35
319,상계종합사회복지관,서울시 노원구 덕릉로 115나길 25
320,상도종합사회복지관,서울시 동작구 상도로39가길 7(상도1동 456)
321,생명의전화종합사회복지관,서울시 성북구 오패산로21
322,서대문종합사회복지관,서울시 서대문구 모래내로 177
323,서울YWCA봉천종합사회복지관,서울시 관악구 관악로 254
324,서울시립대학교종합사회복지관,서울시 중랑구 신내로 115
325,성내종합사회복지관,서울시 강동구 성안로13길 56
326,성동종합사회복지관,서울시 성동구 청계천로 506 성동종합사회복지관 4층 통합사무실
327,성민종합사회복지관,서울시 관악구 호암로 549
328,성수종합사회복지관,"서울시 성동구 뚝섬로1길 43, 5~6층"
329,송파종합사회복지관,서울시 송파구 오금로51길34
330,수서명화종합사회복지관,서울시 강남구 광평로 51길 49
331,수서종합사회복지관,서울시 강남구 광평로56길11
332,신길종합사회복지관,서울시 영등포구 영등포로84길 24-5
333,신내종합사회복지관,"서울시 중랑구 봉화산로 153, 신내12단지아파트 신내종합사회복지관"
334,신당종합사회복지관,서울시 중구 동호로 11길 22
335,신림종합사회복지관,서울시 관악구 난곡로 110
336,서울시립신목종합사회복지관,서울시 양천구 신목로5
337,신사종합사회복지관,서울시 은평구 은평로 38
338,신월종합사회복지관,서울시 양천구 신월로24길 19
339,신정종합사회복지관,서울시 양천구 신정중앙로 36
340,양재종합사회복지관,서울시 서초구 남부순환로 2610 양재종합사회복지관
341,염리종합사회복지관,서울시 마포구 대흥로 24길 50
342,영등포종합사회복지관,서울시 영등포구 신길로13길 4
343,옥수종합사회복지관,서울시 성동구 한림말길 16-5
344,우면종합사회복지관,서울시 서초구 바우뫼로 7길11 우면종합사회복지
345,월계종합사회복지관,서울시 초안산로 1길 51
346,월곡종합사회복지관,서울시 성북구 오패산로16길 23
347,유락종합사회복지관,서울시 중구 퇴계로 460
348,유린원광종합사회복지관,서울시 중랑구 신내로 56
349,은평종합사회복지관,서울시 은평구 은평터널로48
350,이화여자대학교종합사회복지관,서울시 서대문구 이화여대길 52
351,자양종합사회복지관,서울시 광진구 자양번영로 35
352,잠실종합사회복지관,서울시 올림픽로12길 12
353,장안종합사회복지관,서울시 동대문구 한천로 18길 48
354,장위종합사회복지관,"본관: 서울시 성북구 화랑로237, 2층"
355,정릉종합사회복지관,서울시 성북구 솔샘로5길 92
356,종로종합사회복지관,서울 종로구 지봉로13길 82
357,중계종합사회복지관,서울시 노원구 덕릉로 662
358,중곡종합사회복지관,서울시 광진구 용마산로3길 62
359,중림종합사회복지관,서울시 서소문로6길 16
360,중앙사회복지관,서울시 관악구 봉천로 41길 33
361,창동종합사회복지관,서울시 도봉구 덕릉로329
362,청담종합사회복지관,서울시 금천구 금하로29길 36
363,태화기독교사회복지관,서울시 강남구 광평로185
364,평화종합사회복지관,서울시 노원구 노원로 331
365,풍납종합사회복지관,서울시 송파구 강동대로3길 5
366,하계종합사회복지관,서울시 노원구 노원로16길15
367,한빛종합사회복지관,서울시 양천구 신월로11길 16
368,홍은종합사회복지관,서울시 서대문구 세검정로1길 116
369,화원종합사회복지관,서울시 구로구 벚꽃로484
370,효창종합사회복지관,서울시 용산구 효창원로 146-12(효창동)
371,흑석종합사회복지관,서울시 동작구 흑석로13길 21
372,(울산)중구종합사회복지관,울산광역시 중구 종가 3길 15
373,북구종합사회복지관,울산광역시 북구 동대8길 40
374,울산남구종합사회복지관,울산광역시 남구 번영로 107번길 13(달동)
375,울산동구종합사회복지관,울산광역시 동구 봉수로 155
376,울산화정종합사회복지관,울산광역시 동구 월봉10길 14
377,울주군남부종합사회복지관,"울산광역시 울주군 온산읍 덕신1길 4, 2층~4층"
378,울주군서부종합사회복지관,울산광역시 울주군 언양읍 읍성로169
379,울주군중부종합사회복지관,울산광역시 울주군 범서읍 천상4길 28-14
380,(인천)성산종합사회복지관,인천광역시 남동구 석정로552
381,갈산종합사회복지관,인천광역시 부평구 주부토로 206
382,계양종합사회복지관,인천광역시 계양구 아나지로 517
383,구월종합사회복지관,인천광역시 남동구 선수촌로7 702동 1층
384,논현종합사회복지관,인천광역시 남동구 호구포로 292
385,만수종합사회복지관,인천광역시 남동구 담방로105
386,만월종합사회복지관,인천광역시 남동구 서판로 54번길 12
387,미추홀종합사회복지관,인천광역시 미추홀구 염창로 97
388,백령종합사회복지관,인천광역시 옹진군 백령면 백령로 271번길 20
389,부평중부종합사회복지관,인천광역시 부평구 경원대로 1418번길13
390,삼산종합사회복지관,"인천광역시 부평구 평천로447, 107동 1,2층 삼산복지관"
391,선학종합사회복지관,인천광역시 연수구 선학로 14
392,성미가엘종합사회복지관,인천광역시 중구 송학로 40
393,세화종합사회복지관,인천광역시 연수구 원인재로 315
394,송림종합사회복지관,인천광역시 동구 송림로 43번길 35
395,숭의종합사회복지관,인천광역시 미추홀구 독배로 485
396,연수종합사회복지관,인천광역시 연수구 원인재로 212
397,인천기독교종합사회복지관,인천광역시 서구 심곡로 124번길 10
398,인천종합사회복지관,인천광역시 미추홀구 매소홀로 418번길 14-57
399,창영종합사회복지관,인천광역시 동구 우각로57
400,함박종합사회복지관,인천광역시 연수구 함박안로217
401,(전남)상동종합사회복지관,"(본관) 전남 목포시 상동로 63, (분관) 전남 목포시 상동로 68 *구 상리사회복지관"
402,구례군종합사회복지관,전남 구례군 구례읍 구례로 508
403,목포시종합사회복지관,전남 목포시 고하대로 712
404,무안군종합사회복지관,전남 무안군 일로읍 삼일로 493
405,문수종합사회복지관,전남 여수시 여문2로 11-10
406,미평종합사회복지관,전남 여수시 미평로 77-1
407,보성종합사회복지관,전남 보성군 보성읍 동인길 18-6
408,소라종합사회복지관,전남 여수시 소라면 덕양로 414
409,순천조례종합사회복지관,"전남 순천시 신월큰길54, 단지 내"
410,순천종합사회복지관,전남 순천시 저전길 84
411,쌍봉종합사회복지관,전남 여수시 학동서4길 58-20
412,장흥종합사회복지관,전남 장흥군 장흥읍 흥성로 37-24
413,해남종합사회복지관,전남 해남군 해남읍 중앙1로 14-14
414,(전북)학산종합사회복지관,전북 전주시 완산구 모악로 4726
415,고창군종합사회복지관,전북 고창군 고창읍 전봉준로 88-15
416,군산나운종합사회복지관,전북 군산시 문화로36
417,군산종합사회복지관,전북 군산시 칠성로 59
418,길보른종합사회복지관,전북 김제시 금성로 93(신풍동)
419,김제사회복지관,전북 김제시 요촌북로 110(검산주공1차@ 단지 내 관리사무소 2층)
420,김제제일사회복지관,전북 김제시 동서 1길 9-24
421,남원사회복지관,전북 남원시 노송로1255-9
422,동산사회복지관,전북 익산시 동천로 7길 26-1
423,부송종합사회복지관,전북 익산시 무왕로 22길 12
424,부안종합사회복지관,전북 부안군 부안읍 용암로 134
425,선너머종합사회복지관,전북 전주시 완산구 선너머로 54
426,원광종합사회복지관,전북 익산시 익산대로 415-7
427,전북종합사회복지관,전북 전주시 완산구 흑석로70
428,전주종합사회복지관,전북 전주시 완산구 덕적골2길 10
429,정읍사회복지관,전북 정읍시 수성2로 13-18
430,큰나루종합사회복지관,전북 전주시 덕진구 쪽구름2길 25
431,평화사회복지관,전북 전주시 완산구 덕적골2길 25
432,(제주)서부종합사회복지관,제주특별자치도 제주시 한림읍 한림상로 207-9
433,동부종합사회복지관,제주특별자치도 서귀포시 성산읍 일출로 14-11
434,동제주종합사회복지관,제주특별자치도 제주시 구좌읍 평대12길 15
435,서귀포시서부종합사회복지관,제주특별자치도 서귀포시 대정읍 신영로 23
436,서귀포종합사회복지관,제주특별자치도 서귀포시 태평로 512번길 9
437,서귀포삼다종합사회복지관,제주특별자치도 서귀포시 중동로 69-9 
438,아라종합사회복지관,제주특별자치도 제주시 인다12길 1 아라LH아파트 단지내
439,은성종합사회복지관,제주특별자치도 제주시 월두2길 63-1(아라이동)
440,제주순복음종합사회복지관,제주특별자치도 제주시 천수동로 25
441,제주영락종합사회복지관,제주특별자치도 제주시 고마로9길 32
442,제주종합사회복지관,"제주특별자치도 제주시 도남로121, 2층"
443,계룡시종합사회복지관,충남 계룡시 엄사면 문화1로 7
444,공주기독교종합사회복지관,충남 공주시 영명학당 1길 13
445,공주시종합사회복지관,충남 공주시 의당면 의당로 257
446,금강종합사회복지관,충남 공주시 우금티로 709-14
447,논산종합사회복지관,충남 논산시 논산대로 424
448,당진남부사회복지관,충남 당진시 우강면 우강창말길 24
449,당진북부사회복지관,충남 당진시 정미면 정미로 727-36
450,명천종합사회복지관,충남 보령시 주공로 50(명천동)
451,보령시종합사회복지관,충남 보령시 천변남길 124
452,서산석림사회복지관,충남 서산시 서해로 3456
453,서산시종합사회복지관,충남 서산시 호수공원14로 6
454,세종종합사회복지관,세종특별자치시 조치원읍 산책1길 65
455,송산사회복지관,충남 당진시 송산면 장갈길 15
456,송악사회복지관,충남 당진시 송악읍 송악로 656
457,쌍용종합사회복지관,충남 천안시 서북구 쌍용11길 57 2층 쌍용종합사회복지관
458,아산서부종합사회복지관,충남 아산시 도고면 도고면로 110번길 16
459,아산종합사회복지관,충남 아산시 영인면 아산온천로3번길8
460,온주종합사회복지관,충남 아산시 외암로 1420
461,음봉산동종합사회복지관,충남 아산시 음봉면 산동안길 16
462,종촌종합복지센터종합사회복지관,세종특별자치시 도움 1로 116
463,천안시성정종합사회복지관,충남 천안시 서북구 쌍용대로 289-25(성정동)
464,천안시종합사회복지관,충남 천안시 동남구 천안대로 361
465,청양군사회복지관,충남 청양군 청양읍 칠갑산로 316
466,탕정한마음종합사회복지관,충남 아산시 탕정면 탕정면로 40번길 12
467,홍성사회복지관,충남 홍성군 홍성읍 조양로75번길 17
468,(충북)북부종합사회복지관,충북 청주시 청원구 충청대로 107번길 16-1
469,(충북)서부종합사회복지관,충북 청주시 흥덕구 가로수로 1370번길 16
470,목령종합사회복지관,충북 청주시 청원구 오창읍 중심상업 2로32
471,산남종합사회복지관,충북 청주시 서원구 구룡산로 290
472,삼보사회복지관,충북 증평군 증평읍 창신로 85
473,생거진천종합사회복지관,충북 진천군 진천읍 중앙북1길 11-10
474,오송종합사회복지관,충북 청주시 흥덕구 오송읍 오송생명1로 180
475,용암종합사회복지관,충북 청주시 상당구 원봉로 52-1
476,제천종합사회복지관,충북 제천시 용두대로23길 14
477,증평종합사회복지관,충북 증평군 증평읍 송티로76-23
478,청주사회복지관,충북 청주시 상당구 영운천로 13-1(청주사회복지관 1층)
479,청주종합사회복지관,충북 청주시 흥덕구 1순환로 392 (신봉동)
480,충주종합사회복지관,충북 충주시 주공길 7
